experiment,error_group,feature,n,mean,std,median,q25,q75
LogisticRegression_B_undersampled,TP,user_reviews,222,45.1036036036036,123.68429042268257,14.0,3.0,39.0
LogisticRegression_B_undersampled,TP,days_since_review,222,1495.8873873873874,1065.6593569659447,1340.5,587.25,2245.0
LogisticRegression_B_undersampled,TP,user_rating,222,4.09009009009009,1.093374117204557,4.0,4.0,5.0
LogisticRegression_B_undersampled,TP,rating_diff,222,0.043153153153153136,1.0300546767387935,0.27,-0.3200000000000003,0.7699999999999996
LogisticRegression_B_undersampled,TP,num_words,222,378.1261261261261,353.0839982384851,282.5,140.5,473.25
LogisticRegression_B_undersampled,TP,avg_word_len,222,4.320751732371138,0.3435096621666631,4.324012216071769,4.130049131426566,4.558525929299254
LogisticRegression_B_undersampled,TP,avg_sent_len,222,19.98499305618842,7.638900899246421,18.348484848484848,15.121428571428572,23.552309782608695
LogisticRegression_B_undersampled,TP,pct_verbs,222,0.1799707889947578,0.038380697238615605,0.1819052594914664,0.16149405772495756,0.2
LogisticRegression_B_undersampled,TP,pct_nouns,222,0.244003563633039,0.06503154684563708,0.2381066400977052,0.2187428922349088,0.2592217723796671
LogisticRegression_B_undersampled,TP,pct_adj,222,0.15993581220769323,0.043465266248587556,0.15804609506593814,0.13416641216193287,0.18007243051412664
LogisticRegression_B_undersampled,TP,quote,222,0.6036036036036037,0.49025396095421725,1.0,0.0,1.0
LogisticRegression_B_undersampled,TP,sentiment,222,0.14157226316935306,0.20308874647101996,0.11848526695526697,0.01902115384615385,0.25395892857142854
LogisticRegression_B_undersampled,TP,like_share,222,0.17568907573517412,0.22015666512073137,0.07494784143797142,0.039141414141414144,0.2330276068011457
LogisticRegression_B_undersampled,TP,predicted_score,222,0.711015437034038,0.14885316461599135,0.6751681912685628,0.5769161701342845,0.8354910445035195
LogisticRegression_B_undersampled,FP,user_reviews,242,12.347107438016529,21.197044632257967,4.0,1.0,13.0
LogisticRegression_B_undersampled,FP,days_since_review,242,1429.9917355371902,1068.7287635578523,1289.0,449.25,2080.75
LogisticRegression_B_undersampled,FP,user_rating,242,3.830578512396694,1.2916163102796252,4.0,3.0,5.0
LogisticRegression_B_undersampled,FP,rating_diff,242,-0.221404958677686,1.2543916584697063,0.10000000000000009,-0.8999999999999999,0.7699999999999996
LogisticRegression_B_undersampled,FP,num_words,242,265.4834710743802,318.45864804404783,183.5,81.25,328.0
LogisticRegression_B_undersampled,FP,avg_word_len,242,4.334082098624624,0.3581454989498907,4.318874064432151,4.148415492957747,4.524176567904948
LogisticRegression_B_undersampled,FP,avg_sent_len,242,20.23539434564289,10.30579258100863,18.81140350877193,14.648809523809524,23.0
LogisticRegression_B_undersampled,FP,pct_verbs,242,0.17850075177429972,0.03736583020292644,0.17885397123202001,0.15789473684210525,0.19811692605024922
LogisticRegression_B_undersampled,FP,pct_nouns,242,0.2455813958852588,0.06830857905006797,0.23893805309734514,0.21463622192530382,0.26377315874614654
LogisticRegression_B_undersampled,FP,pct_adj,242,0.16096508448110677,0.044476980077478565,0.159799689591619,0.13919156988124756,0.18463958810068648
LogisticRegression_B_undersampled,FP,quote,242,0.640495867768595,0.4808496132942821,1.0,0.0,1.0
LogisticRegression_B_undersampled,FP,sentiment,242,0.1253227038501584,0.23876337322466412,0.13422916666666668,0.0,0.2575854166666667
LogisticRegression_B_undersampled,FP,like_share,242,0.008619292048964257,0.005597260972739059,0.007756132756132756,0.003194888178913738,0.013333333333333334
LogisticRegression_B_undersampled,FP,predicted_score,242,0.6297386063173817,0.1182840752570445,0.5856739065686123,0.5413526264075961,0.6891711511104152
LogisticRegression_B_undersampled,FN,user_reviews,125,9.232,11.134178707200237,5.0,2.0,11.0
LogisticRegression_B_undersampled,FN,days_since_review,125,967.088,877.9884360323043,668.0,305.0,1438.0
LogisticRegression_B_undersampled,FN,user_rating,125,3.768,1.4926486525636224,4.0,3.0,5.0
LogisticRegression_B_undersampled,FN,rating_diff,125,-0.20184000000000002,1.4450864378656474,0.20999999999999996,-0.71,0.8300000000000001
LogisticRegression_B_undersampled,FN,num_words,125,70.096,55.64206229799712,59.0,27.0,89.0
LogisticRegression_B_undersampled,FN,avg_word_len,125,4.240080900168461,0.527897168403644,4.257142857142857,3.9183673469387754,4.493670886075949
LogisticRegression_B_undersampled,FN,avg_sent_len,125,14.043475124875126,6.303474189953135,13.5,10.0,16.7
LogisticRegression_B_undersampled,FN,pct_verbs,125,0.2031953416262238,0.07726194645864078,0.2,0.16279069767441862,0.22727272727272727
LogisticRegression_B_undersampled,FN,pct_nouns,125,0.236637628695745,0.06621658534806649,0.23232323232323232,0.2,0.2727272727272727
LogisticRegression_B_undersampled,FN,pct_adj,125,0.17675690625598595,0.08678189255302247,0.17098445595854922,0.1323529411764706,0.20930232558139536
LogisticRegression_B_undersampled,FN,quote,125,0.056,0.23084696788271866,0.0,0.0,0.0
LogisticRegression_B_undersampled,FN,sentiment,125,0.22168453515706518,0.29929999672816626,0.23823333333333332,0.0,0.39905999999999997
LogisticRegression_B_undersampled,FN,like_share,125,0.08890673370311561,0.14652660424181532,0.039603960396039604,0.029411764705882353,0.0641025641025641
LogisticRegression_B_undersampled,FN,predicted_score,125,0.409392580614838,0.06460016883379284,0.42162700940014897,0.35917914614325275,0.4660028542279392
LogisticRegression_B_undersampled,TN,user_reviews,516,3.63953488372093,5.280290056826178,2.0,1.0,4.0
LogisticRegression_B_undersampled,TN,days_since_review,516,845.9825581395348,837.7307638525041,555.0,218.75,1298.5
LogisticRegression_B_undersampled,TN,user_rating,516,3.7131782945736433,1.4084008611276324,4.0,3.0,5.0
LogisticRegression_B_undersampled,TN,rating_diff,516,-0.2743992248062016,1.3289184694940859,0.10000000000000009,-1.0499999999999998,0.7699999999999996
LogisticRegression_B_undersampled,TN,num_words,516,58.45348837209303,52.983087312893474,40.0,22.0,79.0
LogisticRegression_B_undersampled,TN,avg_word_len,516,4.24834447782111,0.5098985648927474,4.227657324167107,3.974012474012474,4.5
LogisticRegression_B_undersampled,TN,avg_sent_len,516,13.407658308230703,6.72521165917863,12.5,8.830357142857142,17.0
LogisticRegression_B_undersampled,TN,pct_verbs,516,0.19304715324052318,0.07024802103701962,0.1939537008833384,0.15770676691729324,0.22727272727272727
LogisticRegression_B_undersampled,TN,pct_nouns,516,0.22890387998374645,0.08082436290843002,0.22424489795918368,0.1891359863800809,0.26666666666666666
LogisticRegression_B_undersampled,TN,pct_adj,516,0.1943499757549207,0.09962960771299541,0.18321596244131455,0.14285714285714285,0.2316932538919854
LogisticRegression_B_undersampled,TN,quote,516,0.09496124031007752,0.29344587905040165,0.0,0.0,0.0
LogisticRegression_B_undersampled,TN,sentiment,516,0.2372020058573539,0.28504009434236255,0.24110714285714285,0.03781071428571428,0.4203
LogisticRegression_B_undersampled,TN,like_share,516,0.006590228169575744,0.00521443864968723,0.005128205128205128,0.002103049421661409,0.010526315789473684
LogisticRegression_B_undersampled,TN,predicted_score,516,0.37920413838822825,0.06868657945631118,0.381546105828685,0.33258697192321024,0.4346079134602871
XGBoost_B_full,TP,user_reviews,138,68.28260869565217,152.08847737685227,25.5,14.25,63.0
XGBoost_B_full,TP,days_since_review,138,1422.2028985507247,1040.726733448394,1315.0,503.5,2164.0
XGBoost_B_full,TP,user_rating,138,4.094202898550725,1.052544231845643,4.0,4.0,5.0
XGBoost_B_full,TP,rating_diff,138,0.03384057971014493,0.9849327091496893,0.20999999999999996,-0.29499999999999993,0.6799999999999997
XGBoost_B_full,TP,num_words,138,432.9782608695652,395.86601853840625,324.5,156.0,539.5
XGBoost_B_full,TP,avg_word_len,138,4.31852490432245,0.3315621904754117,4.3477967750903534,4.1474919466175795,4.551656011999242
XGBoost_B_full,TP,avg_sent_len,138,19.425750204721883,8.00532046533841,17.778554778554778,14.516499282639884,23.552309782608695
XGBoost_B_full,TP,pct_verbs,138,0.18079690332125328,0.03526205597434301,0.1826119233007989,0.16210675132695074,0.2
XGBoost_B_full,TP,pct_nouns,138,0.24497340866110295,0.07490568454664402,0.23834085536213195,0.22036176416985603,0.25840671342514376
XGBoost_B_full,TP,pct_adj,138,0.15903997734051847,0.041169909055466414,0.1587804272230502,0.1378976450344455,0.17936474533696756
XGBoost_B_full,TP,quote,138,0.572463768115942,0.496523404663263,1.0,0.0,1.0
XGBoost_B_full,TP,sentiment,138,0.13624981800246996,0.16845865681926397,0.1094669642857143,0.024166417050691245,0.22579375000000002
XGBoost_B_full,TP,like_share,138,0.22071709553731023,0.24223880560852068,0.11871936274509803,0.052968960863697706,0.28906372013118853
XGBoost_B_full,TP,predicted_score,138,0.6921905279159546,0.11042299121618271,0.6839985847473145,0.6032910794019699,0.7673712521791458
XGBoost_B_full,FP,user_reviews,64,27.828125,28.995103411186463,19.0,8.0,38.0
XGBoost_B_full,FP,days_since_review,64,1241.328125,1000.4694145025917,1214.5,345.75,1791.25
XGBoost_B_full,FP,user_rating,64,4.25,1.0690449676496976,5.0,4.0,5.0
XGBoost_B_full,FP,rating_diff,64,0.11515624999999997,1.0563383780064066,0.5,-0.20999999999999996,0.7699999999999996
XGBoost_B_full,FP,num_words,64,364.734375,437.1996834903333,254.5,119.5,433.25
XGBoost_B_full,FP,avg_word_len,64,4.280350195387203,0.3361184549237529,4.292655236329935,4.1101190476190474,4.494803321507934
XGBoost_B_full,FP,avg_sent_len,64,19.343636732555694,7.337902121265203,18.525,15.360576923076923,22.527310924369747
XGBoost_B_full,FP,pct_verbs,64,0.1887813909002282,0.03426756495526559,0.1867436305732484,0.16873562588982585,0.20736967694566813
XGBoost_B_full,FP,pct_nouns,64,0.2379476623861926,0.04614796824133284,0.2390342439399769,0.21123030506201812,0.26517767956425864
XGBoost_B_full,FP,pct_adj,64,0.15665698767542333,0.04199232895372715,0.15439886480908155,0.13753506311360447,0.18255208333333334
XGBoost_B_full,FP,quote,64,0.5625,0.5,1.0,0.0,1.0
XGBoost_B_full,FP,sentiment,64,0.13199629023431544,0.17036022394099665,0.1462052556818182,-9.843749999999957e-05,0.2335616477272727
XGBoost_B_full,FP,like_share,64,0.009510885096413974,0.005629692032526328,0.008946401469765955,0.004640041457242188,0.014546035805626599
XGBoost_B_full,FP,predicted_score,64,0.6237649917602539,0.09866947680711746,0.6092528104782104,0.5358083695173264,0.6853437274694443
XGBoost_B_full,FN,user_reviews,209,8.344497607655502,12.315795863491582,4.0,2.0,9.0
XGBoost_B_full,FN,days_since_review,209,1228.2727272727273,1022.3727997205281,937.0,390.0,1807.0
XGBoost_B_full,FN,user_rating,209,3.8947368421052633,1.3757588998830006,4.0,3.0,5.0
XGBoost_B_full,FN,rating_diff,209,-0.09722488038277516,1.3226928215376472,0.31000000000000005,-0.73,0.9100000000000001
XGBoost_B_full,FN,num_words,209,157.67942583732057,193.08651311218665,90.0,44.0,208.0
XGBoost_B_full,FN,avg_word_len,209,4.273973972779675,0.46990221044486075,4.262773722627737,4.028708133971292,4.538888888888889
XGBoost_B_full,FN,avg_sent_len,209,16.800714453739708,7.36861047032023,15.8,11.875,20.0
XGBoost_B_full,FN,pct_verbs,209,0.19331559905158502,0.06670536851015592,0.1907514450867052,0.16216216216216217,0.21782178217821782
XGBoost_B_full,FN,pct_nouns,209,0.23895772401086401,0.058464711925395506,0.23529411764705882,0.20639147802929428,0.2702702702702703
XGBoost_B_full,FN,pct_adj,209,0.1705877833450459,0.0737299455955006,0.16417910447761194,0.1320754716981132,0.2
XGBoost_B_full,FN,quote,209,0.2966507177033493,0.45787792031866775,0.0,0.0,1.0
XGBoost_B_full,FN,sentiment,209,0.19300064322434768,0.2823396630279901,0.19577142857142857,0.0,0.3753666666666667
XGBoost_B_full,FN,like_share,209,0.09405434134903964,0.14877043144899246,0.04201680672268908,0.028985507246376812,0.07333333333333333
XGBoost_B_full,FN,predicted_score,209,0.28067371249198914,0.11492510139942169,0.28597453236579895,0.18562103807926178,0.36775386333465576
XGBoost_B_full,TN,user_reviews,694,4.445244956772334,8.505275445373254,2.0,1.0,4.0
XGBoost_B_full,TN,days_since_review,694,1013.1700288184438,951.0125476087989,683.5,266.25,1613.75
XGBoost_B_full,TN,user_rating,694,3.7046109510086453,1.388701701937834,4.0,3.0,5.0
XGBoost_B_full,TN,rating_diff,694,-0.2918443804034583,1.320923437976005,0.06999999999999984,-1.0725,0.7699999999999996
XGBoost_B_full,TN,num_words,694,102.40057636887607,156.03907935315954,55.0,26.0,116.75
XGBoost_B_full,TN,avg_word_len,694,4.275289922072148,0.4788497489842449,4.255045045045045,4.0,4.518199233716475
XGBoost_B_full,TN,avg_sent_len,694,15.241101394537548,8.678186061258973,14.0,9.850000000000001,18.82236842105263
XGBoost_B_full,TN,pct_verbs,694,0.18836816136005174,0.06400271758403335,0.18874521704710384,0.1563179347826087,0.21875
XGBoost_B_full,TN,pct_nouns,694,0.2338853738949992,0.07967724230855304,0.23087757313109425,0.2,0.2647058823529412
XGBoost_B_full,TN,pct_adj,694,0.1861845687647548,0.08997431413873759,0.175,0.14236762644235956,0.2179169840060929
XGBoost_B_full,TN,quote,694,0.2420749279538905,0.42864835402123763,0.0,0.0,0.0
XGBoost_B_full,TN,sentiment,694,0.20789130659817978,0.2829387393713106,0.2016464285714286,0.01150178571428572,0.38756666666666667
XGBoost_B_full,TN,like_share,694,0.007028429056455247,0.005355185799727431,0.005208333333333333,0.002103049421661409,0.011152416356877323
XGBoost_B_full,TN,predicted_score,694,0.2031886726617813,0.1148139238357544,0.1724291741847992,0.11131099425256252,0.279800184071064
