feature,coefficient,absolute_coefficient
user_reviews,0.7447611920217199,0.7447611920217199
num_words,0.4506020937189009,0.4506020937189009
avg_sent_len,0.21113996916842204,0.21113996916842204
quote,0.17655156625741403,0.17655156625741403
days_since_review,0.16715950937389973,0.16715950937389973
rating_diff,-0.12574765758340348,0.12574765758340348
user_rating,0.12442192918823475,0.12442192918823475
pct_verbs,-0.11843737549371287,0.11843737549371287
sentiment,-0.10251298320702946,0.10251298320702946
pct_adj,-0.09646702659950748,0.09646702659950748
pct_nouns,-0.021674834574260036,0.021674834574260036
avg_word_len,0.020289589889087353,0.020289589889087353
