feature,feature_id,display_feature,feature_type,coefficient,absolute_coefficient,experiment
user_reviews,numeric__user_reviews,user_reviews,numeric,0.8061594853814292,0.8061594853814292,LogisticRegression_C_undersampled
num_words,numeric__num_words,num_words,numeric,0.6226922808694922,0.6226922808694922,LogisticRegression_C_undersampled
kaur,text__kaur,"""kaur""",word,-0.5736890075210498,0.5736890075210498,LogisticRegression_C_undersampled
pg,text__pg,"""pg""",word,-0.511438426861618,0.511438426861618,LogisticRegression_C_undersampled
lovelace,text__lovelace,"""lovelace""",word,-0.5039284918425588,0.5039284918425588,LogisticRegression_C_undersampled
abuse,text__abuse,"""abuse""",word,-0.46823177911455366,0.46823177911455366,LogisticRegression_C_undersampled
peter,text__peter,"""peter""",word,0.4633118738001627,0.4633118738001627,LogisticRegression_C_undersampled
mouth,text__mouth,"""mouth""",word,-0.4585772453699997,0.4585772453699997,LogisticRegression_C_undersampled
sweet,text__sweet,"""sweet""",word,-0.45336751106183504,0.45336751106183504,LogisticRegression_C_undersampled
upon,text__upon,"""upon""",word,-0.4449354291227683,0.4449354291227683,LogisticRegression_C_undersampled
user_reviews,numeric__user_reviews,user_reviews,numeric,0.6218568856865953,0.6218568856865953,LogisticRegression_D_undersampled
kaur,text__kaur,"""kaur""",word,-0.48567233036526364,0.48567233036526364,LogisticRegression_D_undersampled
part,text__part,"""part""",word,-0.4794311627695058,0.4794311627695058,LogisticRegression_D_undersampled
num_words,numeric__num_words,num_words,numeric,0.4084022997837421,0.4084022997837421,LogisticRegression_D_undersampled
poet,text__poet,"""poet""",word,0.3934175856112709,0.3934175856112709,LogisticRegression_D_undersampled
collection,text__collection,"""collection""",word,0.3879366164035145,0.3879366164035145,LogisticRegression_D_undersampled
honey,text__honey,"""honey""",word,-0.38206991506936777,0.38206991506936777,LogisticRegression_D_undersampled
way,text__way,"""way""",word,-0.36334738904111646,0.36334738904111646,LogisticRegression_D_undersampled
feel,text__feel,"""feel""",word,-0.3602627326445362,0.3602627326445362,LogisticRegression_D_undersampled
review,text__review,"""review""",word,0.355546461715906,0.355546461715906,LogisticRegression_D_undersampled
