feature,feature_id,display_feature,feature_type,coefficient,absolute_coefficient,experiment,ranking
kaur,text__kaur,"""kaur""",word,-0.5736890075210498,0.5736890075210498,LogisticRegression_C_undersampled,absolute
pg,text__pg,"""pg""",word,-0.511438426861618,0.511438426861618,LogisticRegression_C_undersampled,absolute
lovelace,text__lovelace,"""lovelace""",word,-0.5039284918425588,0.5039284918425588,LogisticRegression_C_undersampled,absolute
abuse,text__abuse,"""abuse""",word,-0.46823177911455366,0.46823177911455366,LogisticRegression_C_undersampled,absolute
peter,text__peter,"""peter""",word,0.4633118738001627,0.4633118738001627,LogisticRegression_C_undersampled,absolute
mouth,text__mouth,"""mouth""",word,-0.4585772453699997,0.4585772453699997,LogisticRegression_C_undersampled,absolute
sweet,text__sweet,"""sweet""",word,-0.45336751106183504,0.45336751106183504,LogisticRegression_C_undersampled,absolute
upon,text__upon,"""upon""",word,-0.4449354291227683,0.4449354291227683,LogisticRegression_C_undersampled,absolute
tumblr,text__tumblr,"""tumblr""",word,-0.4413499905297467,0.4413499905297467,LogisticRegression_C_undersampled,absolute
pack,text__pack,"""pack""",word,-0.44040010089879256,0.44040010089879256,LogisticRegression_C_undersampled,absolute
peter,text__peter,"""peter""",word,0.4633118738001627,0.4633118738001627,LogisticRegression_C_undersampled,positive
fairy,text__fairy,"""fairy""",word,0.41311555389045973,0.41311555389045973,LogisticRegression_C_undersampled,positive
goodreads,text__goodreads,"""goodreads""",word,0.41049110925557364,0.41049110925557364,LogisticRegression_C_undersampled,positive
profound,text__profound,"""profound""",word,0.39780695425839185,0.39780695425839185,LogisticRegression_C_undersampled,positive
rumi,text__rumi,"""rumi""",word,0.39691472995324273,0.39691472995324273,LogisticRegression_C_undersampled,positive
whitewolf,text__whitewolf,"""whitewolf""",word,0.3933027255651693,0.3933027255651693,LogisticRegression_C_undersampled,positive
salt,text__salt,"""salt""",word,0.3847633519227877,0.3847633519227877,LogisticRegression_C_undersampled,positive
fell,text__fell,"""fell""",word,0.38226624155438105,0.38226624155438105,LogisticRegression_C_undersampled,positive
getting,text__getting,"""getting""",word,0.37970349282672156,0.37970349282672156,LogisticRegression_C_undersampled,positive
appreciate,text__appreciate,"""appreciate""",word,0.37583427325436863,0.37583427325436863,LogisticRegression_C_undersampled,positive
kaur,text__kaur,"""kaur""",word,-0.5736890075210498,0.5736890075210498,LogisticRegression_C_undersampled,negative
pg,text__pg,"""pg""",word,-0.511438426861618,0.511438426861618,LogisticRegression_C_undersampled,negative
lovelace,text__lovelace,"""lovelace""",word,-0.5039284918425588,0.5039284918425588,LogisticRegression_C_undersampled,negative
abuse,text__abuse,"""abuse""",word,-0.46823177911455366,0.46823177911455366,LogisticRegression_C_undersampled,negative
mouth,text__mouth,"""mouth""",word,-0.4585772453699997,0.4585772453699997,LogisticRegression_C_undersampled,negative
sweet,text__sweet,"""sweet""",word,-0.45336751106183504,0.45336751106183504,LogisticRegression_C_undersampled,negative
upon,text__upon,"""upon""",word,-0.4449354291227683,0.4449354291227683,LogisticRegression_C_undersampled,negative
tumblr,text__tumblr,"""tumblr""",word,-0.4413499905297467,0.4413499905297467,LogisticRegression_C_undersampled,negative
pack,text__pack,"""pack""",word,-0.44040010089879256,0.44040010089879256,LogisticRegression_C_undersampled,negative
slightly,text__slightly,"""slightly""",word,-0.429769173627845,0.429769173627845,LogisticRegression_C_undersampled,negative
kaur,text__kaur,"""kaur""",word,-0.48567233036526364,0.48567233036526364,LogisticRegression_D_undersampled,absolute
part,text__part,"""part""",word,-0.4794311627695058,0.4794311627695058,LogisticRegression_D_undersampled,absolute
poet,text__poet,"""poet""",word,0.3934175856112709,0.3934175856112709,LogisticRegression_D_undersampled,absolute
collection,text__collection,"""collection""",word,0.3879366164035145,0.3879366164035145,LogisticRegression_D_undersampled,absolute
honey,text__honey,"""honey""",word,-0.38206991506936777,0.38206991506936777,LogisticRegression_D_undersampled,absolute
way,text__way,"""way""",word,-0.36334738904111646,0.36334738904111646,LogisticRegression_D_undersampled,absolute
feel,text__feel,"""feel""",word,-0.3602627326445362,0.3602627326445362,LogisticRegression_D_undersampled,absolute
review,text__review,"""review""",word,0.355546461715906,0.355546461715906,LogisticRegression_D_undersampled,absolute
peter,text__peter,"""peter""",word,0.3553724278245437,0.3553724278245437,LogisticRegression_D_undersampled,absolute
milk,text__milk,"""milk""",word,-0.3398863386420177,0.3398863386420177,LogisticRegression_D_undersampled,absolute
poet,text__poet,"""poet""",word,0.3934175856112709,0.3934175856112709,LogisticRegression_D_undersampled,positive
collection,text__collection,"""collection""",word,0.3879366164035145,0.3879366164035145,LogisticRegression_D_undersampled,positive
review,text__review,"""review""",word,0.355546461715906,0.355546461715906,LogisticRegression_D_undersampled,positive
peter,text__peter,"""peter""",word,0.3553724278245437,0.3553724278245437,LogisticRegression_D_undersampled,positive
let,text__let,"""let""",word,0.3034179375246245,0.3034179375246245,LogisticRegression_D_undersampled,positive
world,text__world,"""world""",word,0.2772506832599296,0.2772506832599296,LogisticRegression_D_undersampled,positive
back,text__back,"""back""",word,0.27558880049986784,0.27558880049986784,LogisticRegression_D_undersampled,positive
mary,text__mary,"""mary""",word,0.2594196504768672,0.2594196504768672,LogisticRegression_D_undersampled,positive
dark,text__dark,"""dark""",word,0.256968672669251,0.256968672669251,LogisticRegression_D_undersampled,positive
many,text__many,"""many""",word,0.24442281427599624,0.24442281427599624,LogisticRegression_D_undersampled,positive
kaur,text__kaur,"""kaur""",word,-0.48567233036526364,0.48567233036526364,LogisticRegression_D_undersampled,negative
part,text__part,"""part""",word,-0.4794311627695058,0.4794311627695058,LogisticRegression_D_undersampled,negative
honey,text__honey,"""honey""",word,-0.38206991506936777,0.38206991506936777,LogisticRegression_D_undersampled,negative
way,text__way,"""way""",word,-0.36334738904111646,0.36334738904111646,LogisticRegression_D_undersampled,negative
feel,text__feel,"""feel""",word,-0.3602627326445362,0.3602627326445362,LogisticRegression_D_undersampled,negative
milk,text__milk,"""milk""",word,-0.3398863386420177,0.3398863386420177,LogisticRegression_D_undersampled,negative
rupi,text__rupi,"""rupi""",word,-0.3037096162107539,0.3037096162107539,LogisticRegression_D_undersampled,negative
woodson,text__woodson,"""woodson""",word,-0.29142762701106695,0.29142762701106695,LogisticRegression_D_undersampled,negative
story,text__story,"""story""",word,-0.2912823029712112,0.2912823029712112,LogisticRegression_D_undersampled,negative
healing,text__healing,"""healing""",word,-0.2565692876528363,0.2565692876528363,LogisticRegression_D_undersampled,negative
