accuracy,precision,recall,specificity,f1,roc_auc,average_precision,log_loss,tn,fp,fn,tp,experiment,family,subset,regime,validation_roc_auc,selected_parameter,training_rows,feature_count,seconds
0.7149321266968326,0.7666666666666667,0.13256484149855907,0.9815303430079155,0.22604422604422605,0.7127033068974169,0.5603627301819821,0.5720860997920443,744,14,301,46,LogisticRegression_A_full,LogisticRegression,A,full,0.6463656169538522,1.0,7374,4,0.039023692000000665
0.7366515837104073,0.7,0.2824207492795389,0.9445910290237467,0.4024640657084189,0.741133956338917,0.589176482285463,0.5404827440246776,716,42,249,98,XGBoost_A_full,XGBoost,A,full,0.704332541097247,2.0,7374,4,0.27749078100009683
0.7375565610859729,0.6792452830188679,0.3112391930835735,0.9327176781002638,0.4268774703557312,0.7317584573388182,0.5726216000435865,0.5476127470523668,707,51,239,108,NeuralNetwork_A_full,NeuralNetwork,A,full,0.6976695055126427,16.0,7374,4,3.011255614999982
0.669683257918552,0.47715736040609136,0.5417867435158501,0.7282321899736148,0.5074224021592443,0.7091713366739409,0.5530126822823476,0.6419179150899914,552,206,159,188,LogisticRegression_A_undersampled,LogisticRegression,A,undersampled,0.6249488347527563,1.0,3766,4,0.02665675100001863
0.6615384615384615,0.47337278106508873,0.69164265129683,0.6477572559366754,0.5620608899297423,0.7303992761171899,0.558592416137713,0.6318448506017909,491,267,107,240,XGBoost_A_undersampled,XGBoost,A,undersampled,0.6865914042384631,2.0,3766,4,0.1284704029999375
0.6895927601809955,0.5046728971962616,0.622478386167147,0.7203166226912929,0.5574193548387096,0.7278310889417775,0.5798924373000557,0.6164216042358992,546,212,131,216,NeuralNetwork_A_undersampled,NeuralNetwork,A,undersampled,0.683937413349178,16.0,3766,4,1.6476614959999552
0.7266968325791855,0.6956521739130435,0.23054755043227665,0.9538258575197889,0.3463203463203463,0.7364595135081702,0.5821428520532947,0.5508998650117819,723,35,267,80,LogisticRegression_B_full,LogisticRegression,B,full,0.6722090182874497,1.0,7374,12,0.04501343600009022
0.7529411764705882,0.6831683168316832,0.3976945244956772,0.9155672823218998,0.5027322404371585,0.7682358398029092,0.6272141443093456,0.5162367099359405,694,64,209,138,XGBoost_B_full,XGBoost,B,full,0.7289529279725359,4.0,7374,12,0.27389973700019254
0.7538461538461538,0.7142857142857143,0.36023054755043227,0.9340369393139841,0.4789272030651341,0.76399291324812,0.616746919236834,0.5230568651721382,708,50,222,125,NeuralNetwork_B_full,NeuralNetwork,B,full,0.7110054796329306,32.0,7374,12,3.2152809659999093
0.6678733031674208,0.47844827586206895,0.6397694524495677,0.6807387862796834,0.5474722564734895,0.7243542463482698,0.5661730069235927,0.6403107312304988,516,242,125,222,LogisticRegression_B_undersampled,LogisticRegression,B,undersampled,0.6555852644087938,1.0,3766,12,0.059253177000073265
0.6778280542986426,0.4913294797687861,0.7348703170028819,0.6517150395778364,0.5889145496535797,0.7661828108247852,0.6267920291085604,0.6035792187592836,494,264,92,255,XGBoost_B_undersampled,XGBoost,B,undersampled,0.7183204594969301,2.0,3766,12,0.4406344070000614
0.6959276018099547,0.5112016293279023,0.723342939481268,0.683377308707124,0.5990453460620525,0.7458007953586338,0.5888742006130135,0.6160930878265941,518,240,96,251,NeuralNetwork_B_undersampled,NeuralNetwork,B,undersampled,0.692414339473163,16.0,3766,12,2.440106022000009
0.6561085972850679,0.4652631578947368,0.6368876080691642,0.6649076517150396,0.537712895377129,0.700603742595789,0.5405643111880445,0.7571775262491184,504,254,126,221,LogisticRegression_C_undersampled,LogisticRegression,C,undersampled,0.6342906186043441,0.1,3766,2012,0.285723045000168
0.685972850678733,0.5,0.7463976945244957,0.658311345646438,0.5988439306358382,0.7684164303148739,0.6323086901679666,0.5984553818208539,499,259,88,259,XGBoost_C_undersampled,XGBoost,C,undersampled,0.719822407077309,2.0,3766,2012,0.9507048539999232
0.632579185520362,0.44271844660194176,0.6570605187319885,0.6213720316622692,0.5290023201856149,0.6849817128344726,0.5135020846376177,0.7003495939615576,471,287,119,228,NeuralNetwork_C_undersampled,NeuralNetwork,C,undersampled,0.6260051495345613,32.0,3766,2012,0.8145574929999384
0.6687782805429864,0.4803312629399586,0.6685878962536023,0.6688654353562006,0.5590361445783133,0.7292739120847368,0.5694331914135854,0.6391672029824911,507,251,115,232,LogisticRegression_D_undersampled,LogisticRegression,D,undersampled,0.6527827292533176,0.1,3766,2012,0.16881279600011112
0.6841628959276018,0.4980237154150198,0.7262247838616714,0.6649076517150396,0.5908558030480656,0.7721289910503144,0.643831930795258,0.5934454112491506,504,254,95,252,XGBoost_D_undersampled,XGBoost,D,undersampled,0.7220967848418829,2.0,3766,2012,10.484465533000048
0.6289592760180995,0.4419889502762431,0.69164265129683,0.600263852242744,0.5393258426966292,0.7108042550926523,0.5523440104707529,0.6632452335891078,455,303,107,240,NeuralNetwork_D_undersampled,NeuralNetwork,D,undersampled,0.6464118307255562,32.0,3766,2012,0.9675867050000306
