feature,feature_id,display_feature,feature_type,mean_absolute_shap,mean_signed_shap,sample_standard_error_abs_shap,experiment
people,text__people,"""people""",word,0.0036491531551049437,0.0036491531551049437,0.002167617298227031,NeuralNetwork_C_undersampled
light,text__light,"""light""",word,0.002775700983348365,0.002775700983348365,0.0027757009833483653,NeuralNetwork_C_undersampled
poem,text__poem,"""poem""",word,0.0024603992390833536,0.0024603992390833536,0.001490532034862285,NeuralNetwork_C_undersampled
life,text__life,"""life""",word,0.0024255919478517753,0.0017806579202887252,0.0016910503813913366,NeuralNetwork_C_undersampled
elementary,text__elementary,"""elementary""",word,0.002111074535206758,0.002111074535206758,0.001658061297823309,NeuralNetwork_C_undersampled
comment,text__comment,"""comment""",word,0.00205539579116328,0.00205539579116328,0.0013702745627204868,NeuralNetwork_C_undersampled
quite,text__quite,"""quite""",word,0.002051439876892158,0.002051439876892158,0.0014207431444904371,NeuralNetwork_C_undersampled
reading,text__reading,"""reading""",word,0.0019519449029355782,0.0008861564476293246,0.0014439083909595582,NeuralNetwork_C_undersampled
die,text__die,"""die""",word,0.0019458951265952304,0.0018039388802956434,0.0014525669768947075,NeuralNetwork_C_undersampled
get,text__get,"""get""",word,0.001759001319696055,-7.119378600657427e-05,0.0010746488129019388,NeuralNetwork_C_undersampled
time,text__time,"""time""",word,0.0017580056310769205,0.00025616012539795684,0.0009833477152205625,NeuralNetwork_C_undersampled
part,text__part,"""part""",word,0.001650883393214323,-0.0007685463330302065,0.0008584676028831962,NeuralNetwork_C_undersampled
case,text__case,"""case""",word,0.001601182830967154,0.001601182830967154,0.0011182936594363922,NeuralNetwork_C_undersampled
sleep,text__sleep,"""sleep""",word,0.001572004451951414,0.001572004451951414,0.0015720044519514135,NeuralNetwork_C_undersampled
hell,text__hell,"""hell""",word,0.0014939751168778475,0.0014939751168778475,0.001493975116877847,NeuralNetwork_C_undersampled
follow,text__follow,"""follow""",word,0.0018542964329682264,-0.0018542964329682264,0.001854296432968227,NeuralNetwork_D_undersampled
review,text__review,"""review""",word,0.0014823694026528712,0.0014823694026528712,0.0012052755113118323,NeuralNetwork_D_undersampled
stanza,text__stanza,"""stanza""",word,0.0013534868491948803,0.0006301246718980444,0.0010408165353512583,NeuralNetwork_D_undersampled
whether,text__whether,"""whether""",word,0.0011268257982533275,-0.0011268257982533275,0.0007441208849778025,NeuralNetwork_D_undersampled
lyrical,text__lyrical,"""lyrical""",word,0.0010693355963382666,-0.0004616331466846743,0.0006592464033252466,NeuralNetwork_D_undersampled
thank,text__thank,"""thank""",word,0.0009808491431695713,-0.0002478247648310756,0.0005099985317065239,NeuralNetwork_D_undersampled
everyday,text__everyday,"""everyday""",word,0.0009235761154313366,-0.0009235761154313366,0.0005674831245425512,NeuralNetwork_D_undersampled
gibran,text__gibran,"""gibran""",word,0.0008857651861879129,0.0008857651861879129,0.000885765186187913,NeuralNetwork_D_undersampled
hamlet,text__hamlet,"""hamlet""",word,0.0008599314735974827,-0.0008599314735974827,0.0008599314735974829,NeuralNetwork_D_undersampled
sarah,text__sarah,"""sarah""",word,0.0008347077923016406,0.0008347077923016406,0.0008347077923016407,NeuralNetwork_D_undersampled
sing,text__sing,"""sing""",word,0.0008259878151385711,0.00038162605231230616,0.0006342566996432156,NeuralNetwork_D_undersampled
various,text__various,"""various""",word,0.0007894798694887244,0.0007894798694887244,0.0006308464172186066,NeuralNetwork_D_undersampled
see,text__see,"""see""",word,0.0007770292227777864,0.0001256485594751508,0.0005449758378981954,NeuralNetwork_D_undersampled
poetic,text__poetic,"""poetic""",word,0.0007446445666079759,0.0007446445666079759,0.0007446445666079766,NeuralNetwork_D_undersampled
leaf,text__leaf,"""leaf""",word,0.0007162371162644598,4.0517781898909726e-05,0.0004542422235788846,NeuralNetwork_D_undersampled
