experiment,test_rows,pearson_r,spearman_rho
LogisticRegression_A_full,1105,0.33349193661710164,0.41212575324935974
XGBoost_A_full,1105,0.39663673610271244,0.4630507433438161
NeuralNetwork_A_full,1105,0.3944581014316664,0.43683671388369966
LogisticRegression_A_undersampled,1105,0.3437778476329998,0.41272804781714634
XGBoost_A_undersampled,1105,0.35837690440714337,0.45522654844709
NeuralNetwork_A_undersampled,1105,0.3708043155578058,0.4320542455901436
LogisticRegression_B_full,1105,0.4019149740648573,0.43762627078286664
XGBoost_B_full,1105,0.418643589632149,0.4700002281951428
NeuralNetwork_B_full,1105,0.4310269266132917,0.4602988728266606
LogisticRegression_B_undersampled,1105,0.3660719670924391,0.4134937033136709
XGBoost_B_undersampled,1105,0.3947313518805872,0.496371454682854
NeuralNetwork_B_undersampled,1105,0.3638231444172266,0.44749284819166774
LogisticRegression_C_undersampled,1105,0.30462286575333075,0.38037176791640115
XGBoost_C_undersampled,1105,0.39543036490589906,0.503350830757094
NeuralNetwork_C_undersampled,1105,0.30379856207386075,0.33053795760565313
LogisticRegression_D_undersampled,1105,0.366559087445343,0.43166839905660725
XGBoost_D_undersampled,1105,0.40648995102375785,0.5070244884285253
NeuralNetwork_D_undersampled,1105,0.3279066183829564,0.3942050174891555
