feature,feature_id,display_feature,feature_type,split_count,mean_gain,experiment
kaur,text__kaur,"""kaur""",word,9.0,22.73927879333496,XGBoost_C_undersampled
part,text__part,"""part""",word,8.0,12.123291015625,XGBoost_C_undersampled
dark,text__dark,"""dark""",word,5.0,16.389141082763672,XGBoost_C_undersampled
honey,text__honey,"""honey""",word,5.0,14.373641967773438,XGBoost_C_undersampled
written,text__written,"""written""",word,5.0,9.445846557617188,XGBoost_C_undersampled
u,text__u,"""u""",word,4.0,22.329479217529297,XGBoost_C_undersampled
achilles,text__achilles,"""achilles""",word,4.0,12.610267639160156,XGBoost_C_undersampled
lovelace,text__lovelace,"""lovelace""",word,4.0,9.994199752807617,XGBoost_C_undersampled
world,text__world,"""world""",word,3.0,20.815673828125,XGBoost_C_undersampled
abuse,text__abuse,"""abuse""",word,3.0,14.618077278137207,XGBoost_C_undersampled
poet,text__poet,"""poet""",word,3.0,12.290238380432129,XGBoost_C_undersampled
peter,text__peter,"""peter""",word,3.0,12.2712984085083,XGBoost_C_undersampled
back,text__back,"""back""",word,3.0,11.941239356994629,XGBoost_C_undersampled
peace,text__peace,"""peace""",word,3.0,11.391975402832031,XGBoost_C_undersampled
inside,text__inside,"""inside""",word,3.0,11.299952507019043,XGBoost_C_undersampled
kaur,text__kaur,"""kaur""",word,9.0,23.660968780517578,XGBoost_D_undersampled
part,text__part,"""part""",word,9.0,16.703020095825195,XGBoost_D_undersampled
many,text__many,"""many""",word,6.0,11.80739688873291,XGBoost_D_undersampled
honey,text__honey,"""honey""",word,5.0,19.935176849365234,XGBoost_D_undersampled
u,text__u,"""u""",word,4.0,26.29561996459961,XGBoost_D_undersampled
abuse,text__abuse,"""abuse""",word,4.0,20.041196823120117,XGBoost_D_undersampled
dark,text__dark,"""dark""",word,4.0,16.22838020324707,XGBoost_D_undersampled
woodson,text__woodson,"""woodson""",word,4.0,13.717761993408203,XGBoost_D_undersampled
inside,text__inside,"""inside""",word,4.0,13.20070743560791,XGBoost_D_undersampled
poet,text__poet,"""poet""",word,4.0,12.908074378967285,XGBoost_D_undersampled
book,text__book,"""book""",word,4.0,12.009567260742188,XGBoost_D_undersampled
way,text__way,"""way""",word,4.0,9.681455612182617,XGBoost_D_undersampled
would,text__would,"""would""",word,4.0,3.449254274368286,XGBoost_D_undersampled
peter,text__peter,"""peter""",word,3.0,13.246508598327637,XGBoost_D_undersampled
simple,text__simple,"""simple""",word,3.0,13.039931297302246,XGBoost_D_undersampled
